Número de protocolo,Título,Autores (nome — curso/universidade),Categoria,Curso,Modalidade
20251067,Prevalência de periodontite em pacientes de clínica escola: estudo prospectiva,Camila Campos — Odontologia/UFMG; Rafael Barbosa — Odontologia/USP; Caio Barbosa — Odontologia/USP; Eduardo Souza — Odontologia/UNIFESP,TCC,Odontologia,Presencial
20251188,Impacto de antimicrobianos na prática clínica hospitalar: análise randomizado,Tiago Moreira — Medicina/UFBA; Bianca Monteiro — Medicina/UFRN; Júlia Fernandes — Medicina/UFAM,Trabalho científico,Medicina,Presencial
20251102,Dor crônica e reabilitação cardiovascular: estudo quase-experimental em ambulatório,Daniela Carvalho — Fisioterapia/UFSC; Gabriel Martins — Fisioterapia/UFAL; Igor Vieira — Fisioterapia/UFAL; Rafael Pereira — Fisioterapia/UFMG,Iniciação científica,Fisioterapia,Presencial
20251194,Avaliação de cuidados paliativos em pacientes do SUS: estudo transversal,Rafael Costa — Medicina/UFRN; Otávio Freitas — Psicologia/UFPA; Ana Pinheiro — Medicina/UFAL,Trabalho científico,Medicina,EAD
20251112,Educação em saúde sobre higienização das mãos: intervenção de enfermagem,Rodrigo Almeida — Enfermagem/UFRGS; Daniela Souza — Medicina/UNIFESP; Caio Monteiro — Enfermagem/UFPR; Daniela Farias — Enfermagem/UFPR; Eduardo Pereira — Enfermagem/UNICAMP,Mestrado/Doutorado,Enfermagem,Presencial
20251122,Educação em saúde sobre feridas crônicas: intervenção de enfermagem,Caio Oliveira — Enfermagem/UFAM; Caio Tavares — Enfermagem/UFC; Otávio Moura — Enfermagem/UFPA,Iniciação científica,Enfermagem,Presencial
20251014,Cuidado de enfermagem em aleitamento materno: estudo quase-experimental em unidade básica,Eduardo Silva — Enfermagem/UFMG; Eduardo Rodrigues — Enfermagem/UFBA; Gustavo Pereira — Nutrição/UFPE; Larissa Campos — Biomedicina/USP,TCC,Enfermagem,Presencial
20251003,Segurança do paciente e aleitamento materno: revisão transversal,Sofia Gomes — Psicologia/UFC; Vanessa Rodrigues — Farmácia/UFC; Tatiane Moreira — Enfermagem/UNIFESP,Iniciação científica,Enfermagem,Presencial
20251065,Padrões alimentares e consumo de fibras em adultos: estudo prospectiva,Ana Castro — Biomedicina/UFPR; Matheus Vieira — Nutrição/UFMG; Eduardo Almeida — Nutrição/UNESP,TCC,Nutrição,Presencial
20251045,Atenção farmacêutica a pacientes com polifarmácia: estudo de coorte,Carlos Melo — Farmácia/UNIFESP; Gustavo Rodrigues — Farmácia/UFMG; Gustavo Borges — Psicologia/UNICAMP,TCC,Farmácia,Presencial
20251137,Avaliação de hipertensão em pacientes do SUS: estudo quase-experimental,Mariana Castro — Fisioterapia/UNICAMP; Tiago Costa — Enfermagem/UFPA; Carlos Monteiro — Medicina/UFAL,Trabalho científico,Medicina,Presencial
20251171,Adesão ao tratamento de bruxismo em atenção básica: estudo retrospectiva,Bruno Fernandes — Odontologia/UFC; Eduardo Dias — Odontologia/UFPA; Wagner Castro — Enfermagem/UFC,Especialização,Odontologia,EAD
20251129,Avaliação de cuidados paliativos em pacientes do SUS: estudo prospectiva,Gabriel Vieira — Medicina/UFSC; Leonardo Farias — Medicina/UFRGS; Sofia Oliveira — Medicina/UFRGS,TCC,Medicina,Presencial
20251077,Impacto de dor aguda na prática clínica hospitalar: análise transversal,Beatriz Moura — Medicina/UFMG; Yasmin Farias — Medicina/UFAM; Luís Freitas — Medicina/UFBA; Natalia Borges — Medicina/UFPA; Mariana Melo — Medicina/USP,TCC,Medicina,Presencial
20251159,Dor crônica e equilíbrio postural: estudo retrospectiva em ambulatório,Caio Moura — Fisioterapia/UFAL; Otávio Farias — Fisioterapia/UFPR; Fernanda Teixeira — Fisioterapia/UFSC; Fernanda Martins — Fisioterapia/UNICAMP,Iniciação científica,Fisioterapia,Presencial
20251168,Cuidado de enfermagem em segurança medicamentosa: estudo transversal em unidade básica,Rafael Monteiro — Enfermagem/UFRJ; Priscila Borges — Farmácia/UFPA; Rodrigo Freitas — Enfermagem/USP,Trabalho científico,Enfermagem,Presencial
20251046,Cuidado de enfermagem em higienização das mãos: estudo retrospectiva em unidade básica,Vitor Duarte — Enfermagem/UNICAMP; Helena Duarte — Enfermagem/UFAL; Vitor Moura — Odontologia/UFAM,TCC,Enfermagem,EAD
20251131,Avaliação de materiais para hipersensibilidade dentinária: estudo laboratorial,Renata Campos — Odontologia/UNICAMP; Tiago Tavares — Odontologia/UNICAMP; Tiago Campos — Odontologia/UFPE; Rafael Dias — Odontologia/UFRJ; Igor Almeida — Odontologia/UFBA,Mestrado/Doutorado,Odontologia,EAD
20251031,Avaliação de materiais para periodontite: estudo laboratorial,Júlia Castro — Odontologia/UFAM; Daniela Rodrigues — Fisioterapia/USP; Bianca Pinheiro — Odontologia/UNESP; Yasmin Pinheiro — Fisioterapia/UNICAMP,Trabalho científico,Odontologia,Presencial
20251004,Impacto de hipertensão na prática clínica hospitalar: análise prospectiva,Rodrigo Santos — Medicina/UFPA; Larissa Duarte — Medicina/UFPA; Caio Santos — Medicina/UFAM; Igor Duarte — Medicina/UFC,Iniciação científica,Medicina,Presencial
20251160,Educação em saúde sobre aleitamento materno: intervenção de enfermagem,Luís Castro — Fisioterapia/UFC; Júlia Rocha — Odontologia/USP; Wagner Souza — Nutrição/UNICAMP; Eduardo Oliveira — Farmácia/UFRGS,TCC,Enfermagem,EAD
20251016,Cuidado de enfermagem em segurança medicamentosa: estudo retrospectiva em unidade básica,Renata Gomes — Enfermagem/UFRGS; Priscila Rocha — Psicologia/UFMG; Larissa Melo — Enfermagem/USP,Iniciação científica,Enfermagem,Presencial
20251043,Educação nutricional sobre consumo de fibras no contexto escolar: intervenção,Natalia Pereira — Nutrição/UNICAMP; Gabriel Melo — Enfermagem/UNIFESP; Gustavo Vieira — Nutrição/UFRJ; Tatiane Castro — Nutrição/UFAM; Rodrigo Carvalho — Nutrição/UNESP,Iniciação científica,Nutrição,Presencial
20251127,Consumo de consumo de fibras e indicadores antropométricos: análise retrospectiva,Mariana Tavares — Biomedicina/UFRN; Priscila Vieira — Biomedicina/UFSC; Rafael Lima — Nutrição/UFAL; Rafael Duarte — Nutrição/UFPA,PIBID,Nutrição,Presencial
20251187,Educação nutricional sobre ultraprocessados no contexto escolar: intervenção,Mariana Moreira — Nutrição/UFC; Beatriz Dias — Biomedicina/USP; Vitor Fernandes — Nutrição/UFAM; Rodrigo Martins — Nutrição/UFRN,Iniciação científica,Nutrição,Presencial
20251163,Educação nutricional sobre ultraprocessados no contexto escolar: intervenção,Paula Freitas — Nutrição/UFPE; Caio Cardoso — Nutrição/UNESP; Leonardo Castro — Nutrição/UFAL; Tiago Melo — Nutrição/UFMG,Trabalho científico,Nutrição,Presencial
20251048,Protocolo de hipertensão no pronto atendimento: relato de experiência,Wagner Araújo — Medicina/UFRN; Tiago Tavares — Medicina/UFMG; Natalia Teixeira — Medicina/UFPR,TCC,Medicina,EAD
20251111,Educação em saúde sobre feridas crônicas: intervenção de enfermagem,Tiago Oliveira — Biomedicina/UFBA; Rodrigo Carvalho — Biomedicina/UFRN; Renata Campos — Enfermagem/UNIFESP,Trabalho científico,Enfermagem,Presencial
20251006,Educação em saúde sobre higienização das mãos: intervenção de enfermagem,Isabela Moreira — Enfermagem/UNIFESP; João Almeida — Biomedicina/UFRJ; Rafael Gomes — Enfermagem/UFAM,TCC,Enfermagem,Presencial
20251195,Treinamento funcional e dor lombar em idosos: estudo longitudinal,Matheus Campos — Fisioterapia/UFAM; Yasmin Souza — Fisioterapia/UFMG; Otávio Rodrigues — Fisioterapia/UFRJ; Larissa Martins — Fisioterapia/UFRJ,Trabalho científico,Fisioterapia,Presencial
20251038,Expressão de marcadores de marcadores inflamatórios em cultura celular: ensaio quase-experimental,Diego Monteiro — Biomedicina/UNICAMP; Vanessa Teixeira — Odontologia/UFRJ; Paula Rocha — Farmácia/UFAM; Helena Barbosa — Biomedicina/UFC,Iniciação científica,Biomedicina,Presencial
20251123,Padrões alimentares e ultraprocessados em adultos: estudo transversal,Yasmin Teixeira — Nutrição/UFAL; Yasmin Freitas — Odontologia/UFAL; Fernanda Oliveira — Nutrição/UFC,Trabalho científico,Nutrição,Presencial
20251013,Associação entre ansiedade e bem-estar psicológico: estudo retrospectiva,Bianca Santos — Biomedicina/UNIFESP; Mariana Monteiro — Psicologia/UFAL; Tiago Araújo — Fisioterapia/UFRN; Fernanda Monteiro — Psicologia/UFSC; Luís Carvalho — Nutrição/UFAM,TCC,Psicologia,Presencial
20251037,Protocolo de dor aguda no pronto atendimento: relato de experiência,Isabela Oliveira — Medicina/UFSC; Sofia Moura — Medicina/UFPA; Tatiane Silva — Medicina/UFAL; Júlia Souza — Medicina/UNESP; Elaine Moreira — Medicina/UNIFESP,Iniciação científica,Medicina,Presencial
20251154,Uso racional de interações medicamentosas na atenção primária: estudo randomizado,Vanessa Campos — Odontologia/UFMG; Bruno Martins — Biomedicina/USP; André Borges — Farmácia/UFMG,TCC,Farmácia,EAD
20251070,Intervenção cognitivo-comportamental em ansiedade: ensaio retrospectiva,Vanessa Farias — Fisioterapia/UFRN; Renata Martins — Psicologia/UFBA; Felipe Fernandes — Psicologia/UFRJ; Tiago Borges — Psicologia/UFC,Iniciação científica,Psicologia,Presencial
20251062,Avaliação de diabetes em pacientes do SUS: estudo prospectiva,Caio Moreira — Odontologia/UFRN; Gustavo Castro — Medicina/UFPA; Priscila Moura — Farmácia/UFPA; Paula Borges — Medicina/UFRN; Felipe Pinheiro — Psicologia/UFRN,Especialização,Medicina,Presencial
20251196,Prevalência de periodontite em pacientes de clínica escola: estudo randomizado,Beatriz Carvalho — Odontologia/UFMG; Vitor Duarte — Odontologia/UFBA; Júlia Almeida — Odontologia/UFC; Beatriz Freitas — Odontologia/UFSC; Wagner Pinheiro — Odontologia/UNIFESP,Iniciação científica,Odontologia,EAD
20251033,Treinamento funcional e capacidade funcional em idosos: estudo longitudinal,Vanessa Barbosa — Fisioterapia/UFMG; Gabriel Campos — Fisioterapia/UFPE; Bruno Oliveira — Fisioterapia/UNIFESP; Vanessa Nunes — Fisioterapia/UFBA; Rafael Tavares — Fisioterapia/UFPR,Trabalho científico,Fisioterapia,EAD
20251173,Efeito de protocolo de reabilitação em dor lombar: ensaio transversal,Felipe Martins — Fisioterapia/UFBA; Paula Duarte — Fisioterapia/UFAL; Sofia Silva — Odontologia/UFPE; Wagner Costa — Fisioterapia/UNESP; Caio Melo — Fisioterapia/UFAM,Iniciação científica,Fisioterapia,Presencial
20251172,Treinamento funcional e equilíbrio postural em idosos: estudo longitudinal,Natalia Pinheiro — Enfermagem/UNICAMP; Felipe Nunes — Fisioterapia/UFPE; Bruno Freitas — Fisioterapia/UNIFESP; Diego Moreira — Biomedicina/UNICAMP,Mestrado/Doutorado,Fisioterapia,Presencial
20251061,Segurança do paciente e aleitamento materno: revisão retrospectiva,Natalia Rocha — Enfermagem/UFBA; Gabriel Oliveira — Enfermagem/UFAL; Carlos Cardoso — Enfermagem/UFPE; Luís Borges — Enfermagem/UFBA; Wagner Cardoso — Enfermagem/UFC,Iniciação científica,Enfermagem,Presencial
20251011,Efeito de protocolo de reabilitação em equilíbrio postural: ensaio quase-experimental,Beatriz Gomes — Fisioterapia/UFRJ; João Barbosa — Fisioterapia/UNESP; Fernanda Freitas — Fisioterapia/UFMG; Priscila Cardoso — Fisioterapia/UFC,Mestrado/Doutorado,Fisioterapia,Presencial
20251145,Percepções sobre estresse ocupacional em adolescentes: estudo qualitativo,Paula Monteiro — Psicologia/UFSC; Elaine Barbosa — Psicologia/UFAL; Yasmin Borges — Psicologia/UNIFESP,Mestrado/Doutorado,Psicologia,Presencial
20251161,Cuidado de enfermagem em aleitamento materno: estudo quase-experimental em unidade básica,Gabriel Martins — Psicologia/UFPA; Priscila Cardoso — Enfermagem/UFAM; Caio Almeida — Enfermagem/UFRN,Iniciação científica,Enfermagem,EAD
20251053,Atenção farmacêutica a pacientes com farmacoeconomia: estudo de coorte,Camila Rodrigues — Farmácia/UNICAMP; Camila Carvalho — Nutrição/UNESP; Daniela Freitas — Farmácia/UFMG,TCC,Farmácia,Presencial
20251126,Adesão ao tratamento de cárie dentária em atenção básica: estudo retrospectiva,Diego Santos — Odontologia/UFSC; Rafael Ribeiro — Farmácia/UFRJ; André Rodrigues — Odontologia/UNICAMP; Beatriz Almeida — Medicina/UFC; João Ribeiro — Odontologia/UFPR,TCC,Fisioterapia,EAD
20251107,Uso racional de antibióticos na atenção primária: estudo retrospectiva,Gustavo Martins — Farmácia/USP; Mariana Rocha — Farmácia/UFAM; Vitor Gomes — Odontologia/UFAL,Iniciação científica,Farmácia,Presencial
20251074,Impacto de cuidados paliativos na prática clínica hospitalar: análise randomizado,Matheus Farias — Medicina/UNIFESP; Vitor Melo — Medicina/USP; Daniela Monteiro — Fisioterapia/UFMG,Iniciação científica,Medicina,Presencial
20251114,Impacto de dor aguda na prática clínica hospitalar: análise transversal,Luís Almeida — Medicina/UFC; Elaine Moura — Medicina/UFPE; Priscila Farias — Medicina/UFMG,TCC,Medicina,Presencial
20251106,Segurança do paciente e feridas crônicas: revisão randomizado,Otávio Vieira — Enfermagem/UNICAMP; Júlia Castro — Fisioterapia/UFAM; Gabriel Moura — Enfermagem/UFC; Camila Almeida — Enfermagem/UFRN; Eduardo Lima — Enfermagem/UFAM,Extensão,Enfermagem,Presencial
20251096,Prevalência de bruxismo em pacientes de clínica escola: estudo retrospectiva,Daniela Castro — Odontologia/UFAM; Gustavo Vieira — Medicina/UFPE; Diego Melo — Odontologia/UFRGS; João Monteiro — Odontologia/UFMG; Gustavo Cardoso — Odontologia/UFC,TCC,Odontologia,Presencial
20251104,Consumo de deficiências de micronutrientes e indicadores antropométricos: análise quase-experimental,Elaine Santos — Nutrição/UFC; Bruno Araújo — Nutrição/UFPE; Beatriz Nunes — Nutrição/UFBA; Bianca Freitas — Nutrição/USP; Fernanda Tavares — Nutrição/UFAM,Trabalho científico,Nutrição,Presencial
20251146,Intervenção cognitivo-comportamental em transtorno do pânico: ensaio retrospectiva,Yasmin Moura — Enfermagem/UNIFESP; João Costa — Medicina/UFRJ; Tiago Campos — Psicologia/UFRN; Diego Campos — Psicologia/UFRGS,Trabalho científico,Psicologia,Presencial
20251044,Atenção farmacêutica a pacientes com antibióticos: estudo de coorte,Helena Teixeira — Farmácia/UFRN; Vitor Melo — Farmácia/UFPA; Diego Souza — Farmácia/UFPE; Otávio Ribeiro — Biomedicina/UFSC,Trabalho científico,Farmácia,Presencial
20251001,Cuidado de enfermagem em feridas crônicas: estudo quase-experimental em unidade básica,Leonardo Araújo — Enfermagem/UNICAMP; Tatiane Nunes — Enfermagem/UNIFESP; Leonardo Santos — Enfermagem/UFRJ; Luís Vieira — Enfermagem/UFAM; Vanessa Gomes — Enfermagem/UFSC,Mestrado/Doutorado,Medicina,Presencial
20251162,Uso racional de farmacoeconomia na atenção primária: estudo prospectiva,Leonardo Carvalho — Farmácia/UFPA; Vitor Lima — Farmácia/UFPE; Beatriz Barbosa — Farmácia/UFPR,Iniciação científica,Farmácia,Presencial
20251193,Uso racional de antibióticos na atenção primária: estudo randomizado,Natalia Nunes — Farmácia/UFBA; Rafael Carvalho — Farmácia/UFRGS; Mariana Almeida — Enfermagem/UFPR; Rodrigo Duarte — Odontologia/UFSC; Luís Almeida — Farmácia/UFRN,Iniciação científica,Farmácia,Presencial
20251017,Impacto de diabetes na prática clínica hospitalar: análise prospectiva,Daniela Nunes — Medicina/UFPE; Priscila Campos — Medicina/UNESP; Vanessa Pereira — Medicina/UFRJ; Elaine Farias — Medicina/UNIFESP; Matheus Fernandes — Medicina/UFRN,Trabalho científico,Medicina,Presencial
20251081,Avaliação de materiais para periodontite: estudo laboratorial,Gabriel Castro — Enfermagem/UFPR; Carlos Martins — Odontologia/UFPR; Camila Cardoso — Fisioterapia/UFAM; Beatriz Souza — Nutrição/UFRJ,TCC,Odontologia,Presencial
20251103,Impacto de antimicrobianos na prática clínica hospitalar: análise randomizado,Felipe Teixeira — Medicina/UFBA; Beatriz Lima — Medicina/UFBA; Gustavo Melo — Fisioterapia/UFBA; Diego Lima — Medicina/UFPA; Beatriz Ribeiro — Medicina/UFRJ,TCC,Medicina,EAD
20251039,Segurança do paciente e higienização das mãos: revisão randomizado,Bruno Cardoso — Enfermagem/UFRGS; Beatriz Moreira — Enfermagem/UFBA; João Pereira — Enfermagem/UFMG; Tatiane Tavares — Enfermagem/UFSC,Extensão,Enfermagem,Presencial
20251157,Atenção farmacêutica a pacientes com polifarmácia: estudo de coorte,João Costa — Farmácia/UFPR; Matheus Oliveira — Farmácia/UNICAMP; Matheus Teixeira — Odontologia/UNICAMP; Wagner Martins — Farmácia/UFRN,Mestrado/Doutorado,Farmácia,Presencial
20251177,Avaliação de diabetes em pacientes do SUS: estudo randomizado,Priscila Teixeira — Fisioterapia/UFPR; Natalia Ribeiro — Medicina/UFRN; Camila Carvalho — Enfermagem/UFPE; Fernanda Costa — Medicina/UFBA,Iniciação científica,Medicina,EAD
20251136,Correlação entre marcadores inflamatórios e biomarcadores inflamatórios: estudo retrospectiva,Gustavo Santos — Biomedicina/UFPA; Tatiane Cardoso — Biomedicina/UFRJ; Camila Barbosa — Biomedicina/UFMG; Beatriz Almeida — Biomedicina/UFPE,Extensão,Biomedicina,Presencial
20251079,Correlação entre expressão gênica e biomarcadores inflamatórios: estudo quase-experimental,Elaine Silva — Medicina/UFC; Otávio Almeida — Biomedicina/UFAM; Helena Teixeira — Biomedicina/UFMG; Daniela Martins — Biomedicina/UFAL,TCC,Biomedicina,EAD
20251116,Padrões alimentares e ultraprocessados em adultos: estudo quase-experimental,Wagner Santos — Nutrição/UNICAMP; João Teixeira — Nutrição/UNESP; Rafael Borges — Nutrição/UFRJ; Vitor Cardoso — Nutrição/USP; Felipe Monteiro — Nutrição/UFPA,Extensão,Nutrição,Presencial
20251020,Impacto de diabetes na prática clínica hospitalar: análise transversal,Eduardo Nunes — Medicina/UFMG; Caio Castro — Medicina/UNESP; Wagner Castro — Psicologia/UFAL; Renata Araújo — Enfermagem/UFAL,Iniciação científica,Medicina,EAD
20251015,Avaliação de diabetes em pacientes do SUS: estudo retrospectiva,Natalia Oliveira — Medicina/UFPE; Tatiane Freitas — Odontologia/UFC; Carlos Fernandes — Medicina/UNIFESP,Trabalho científico,Medicina,Presencial
20251178,Protocolo de diabetes no pronto atendimento: relato de experiência,Camila Vieira — Odontologia/UFPA; Beatriz Araújo — Medicina/UFRN; Camila Tavares — Medicina/UFRJ,Trabalho científico,Medicina,Presencial
20251147,Padronização de protocolo para resistência bacteriana no laboratório de análises clínicas,Diego Araújo — Biomedicina/UFSC; Gabriel Lima — Biomedicina/UFPE; Yasmin Campos — Biomedicina/UFAM; Larissa Campos — Biomedicina/UNIFESP,TCC,Biomedicina,Presencial
20251180,Padronização de protocolo para microbiota intestinal no laboratório de análises clínicas,Tiago Souza — Biomedicina/UFPA; Camila Farias — Psicologia/USP; João Campos — Biomedicina/UFRJ; Rafael Cardoso — Biomedicina/UNIFESP,Iniciação científica,Biomedicina,Presencial
20251066,Consumo de deficiências de micronutrientes e indicadores antropométricos: análise quase-experimental,Camila Campos — Psicologia/UNESP; Isabela Moura — Nutrição/UNICAMP; Helena Santos — Odontologia/UFPA; André Gomes — Nutrição/UFC,TCC,Nutrição,Presencial
20251085,Padronização de protocolo para resistência bacteriana no laboratório de análises clínicas,Vanessa Moreira — Biomedicina/UFBA; Eduardo Campos — Biomedicina/UFAL; Fernanda Moura — Biomedicina/UFRJ; André Teixeira — Psicologia/UFPR; Camila Farias — Biomedicina/UFRGS,Mestrado/Doutorado,Biomedicina,Presencial
20251166,Associação entre depressão e bem-estar psicológico: estudo quase-experimental,Camila Cardoso — Psicologia/UFBA; Elaine Lima — Psicologia/UFPA; Renata Tavares — Psicologia/UFAM,Iniciação científica,Psicologia,Presencial
20251047,Avaliação de materiais para cárie dentária: estudo laboratorial,Eduardo Campos — Odontologia/UNESP; Igor Araújo — Psicologia/UFAM; Tatiane Souza — Psicologia/UFPE; Larissa Costa — Odontologia/UNICAMP,Iniciação científica,Odontologia,Presencial
20251105,Correlação entre microbiota intestinal e biomarcadores inflamatórios: estudo transversal,Natalia Dias — Biomedicina/UFPE; Elaine Lima — Biomedicina/UFPR; Caio Almeida — Biomedicina/UFSC; Bianca Oliveira — Medicina/UFRJ,Extensão,Biomedicina,Presencial
20251080,Uso racional de interações medicamentosas na atenção primária: estudo retrospectiva,Júlia Santos — Farmácia/UFPE; Yasmin Monteiro — Farmácia/UFPA; Yasmin Duarte — Farmácia/UNIFESP; Larissa Campos — Farmácia/UFAL; Otávio Castro — Farmácia/UFSC,TCC,Farmácia,Presencial
20251055,Padronização de protocolo para microbiota intestinal no laboratório de análises clínicas,Igor Cardoso — Biomedicina/UFMG; Luís Martins — Biomedicina/UFC; Matheus Martins — Biomedicina/UNIFESP; Vanessa Pinheiro — Fisioterapia/UNICAMP,Iniciação científica,Biomedicina,Presencial
20251197,Expressão de marcadores de microbiota intestinal em cultura celular: ensaio randomizado,Luís Fernandes — Odontologia/UFAL; Rodrigo Melo — Biomedicina/UFRJ; Isabela Farias — Biomedicina/UNICAMP; Otávio Nunes — Biomedicina/UFPE; Rodrigo Monteiro — Biomedicina/USP,Iniciação científica,Biomedicina,Presencial
20251086,Prevalência de hipersensibilidade dentinária em pacientes de clínica escola: estudo retrospectiva,Camila Freitas — Odontologia/UFPA; Daniela Fernandes — Odontologia/UFPE; Eduardo Pinheiro — Odontologia/UFC; Elaine Gomes — Odontologia/UFMG,Especialização,Odontologia,EAD
20251119,Impacto de diabetes na prática clínica hospitalar: análise prospectiva,Camila Almeida — Medicina/UFPA; Tatiane Oliveira — Medicina/UFBA; Beatriz Monteiro — Medicina/UFBA; Diego Farias — Medicina/UFSC; Larissa Freitas — Biomedicina/UFSC,TCC,Medicina,EAD
20251110,Avaliação de materiais para hipersensibilidade dentinária: estudo laboratorial,Renata Santos — Odontologia/UFMG; Júlia Melo — Medicina/UFRN; Sofia Barbosa — Odontologia/UFPR; Vitor Pinheiro — Odontologia/UNICAMP,TCC,Odontologia,EAD
20251134,Cuidado de enfermagem em feridas crônicas: estudo retrospectiva em unidade básica,Matheus Moura — Enfermagem/UFAM; Otávio Borges — Enfermagem/UFRN; Daniela Ribeiro — Enfermagem/UFSC,Extensão,Enfermagem,Presencial
20251143,Segurança do paciente e higienização das mãos: revisão randomizado,Luís Araújo — Enfermagem/UFSC; Wagner Nunes — Enfermagem/UFC; Elaine Monteiro — Enfermagem/UNICAMP; Tiago Melo — Enfermagem/UFPE,Extensão,Enfermagem,Presencial
20251034,Adesão ao tratamento de periodontite em atenção básica: estudo quase-experimental,Renata Nunes — Odontologia/UFC; Vanessa Gomes — Odontologia/UFPA; Isabela Nunes — Psicologia/UFPE; Carlos Teixeira — Enfermagem/UNESP,Trabalho científico,Odontologia,Presencial
20251019,Impacto de diabetes na prática clínica hospitalar: análise quase-experimental,Natalia Dias — Biomedicina/UFBA; Gabriel Martins — Medicina/UNICAMP; Paula Souza — Medicina/UFSC,Trabalho científico,Medicina,Presencial
20251141,Protocolo de dor aguda no pronto atendimento: relato de experiência,Igor Silva — Psicologia/UFAM; Renata Monteiro — Medicina/UFPE; Luís Teixeira — Medicina/UFRJ; Bianca Barbosa — Medicina/UNIFESP; Mariana Borges — Psicologia/UNIFESP,PIBID,Medicina,Presencial
20251124,Educação nutricional sobre consumo de fibras no contexto escolar: intervenção,Vanessa Oliveira — Nutrição/UFMG; Beatriz Teixeira — Nutrição/UFRN; Igor Farias — Nutrição/UFRGS; Helena Castro — Nutrição/UFAL; Sofia Araújo — Nutrição/UFSC,Extensão,Nutrição,Presencial
20251176,Intervenção cognitivo-comportamental em depressão: ensaio retrospectiva,Isabela Vieira — Psicologia/UFRJ; Isabela Carvalho — Psicologia/UFBA; Renata Moura — Medicina/UFC; Felipe Martins — Psicologia/UFC; Beatriz Melo — Psicologia/USP,Trabalho científico,Psicologia,Presencial
20251064,Educação nutricional sobre obesidade no contexto escolar: intervenção,Helena Duarte — Nutrição/UFPA; Tatiane Melo — Nutrição/UFPE; Camila Barbosa — Nutrição/UFBA,Mestrado/Doutorado,Nutrição,EAD
20251084,Farmacovigilância de polifarmácia: análise de notificações,Diego Cardoso — Farmácia/UFRN; Wagner Rodrigues — Enfermagem/UFAL; Vitor Cardoso — Farmácia/UFMG; Daniela Farias — Farmácia/UFBA; Larissa Moura — Odontologia/UFMG,Extensão,Farmácia,Presencial
20251149,Padronização de protocolo para expressão gênica no laboratório de análises clínicas,Fernanda Farias — Biomedicina/UNIFESP; Priscila Ribeiro — Biomedicina/UFAL; Bianca Souza — Biomedicina/UFPE; Bruno Freitas — Biomedicina/USP,Mestrado/Doutorado,Biomedicina,Presencial
20251101,Treinamento funcional e dor lombar em idosos: estudo longitudinal,Carlos Vieira — Fisioterapia/UFRJ; Wagner Souza — Enfermagem/UFRN; Carlos Teixeira — Fisioterapia/UFBA,Mestrado/Doutorado,Fisioterapia,Presencial
20251156,Protocolo de dor aguda no pronto atendimento: relato de experiência,Matheus Pinheiro — Medicina/UFBA; Gustavo Gomes — Medicina/UFPA; Vitor Ribeiro — Farmácia/USP; Bruno Melo — Medicina/UFAM,TCC,Medicina,Presencial
20251073,Percepções sobre estresse ocupacional em adolescentes: estudo qualitativo,Priscila Nunes — Psicologia/UFRGS; Helena Oliveira — Fisioterapia/USP; Rafael Rodrigues — Psicologia/UNIFESP,Iniciação científica,Psicologia,Presencial
20251028,Farmacovigilância de antibióticos: análise de notificações,Carlos Freitas — Farmácia/UFRGS; Daniela Ribeiro — Farmácia/UFPE; Paula Moura — Farmácia/UFSC; Rafael Melo — Farmácia/UFAM; Yasmin Dias — Farmácia/UFPR,Iniciação científica,Farmácia,Presencial
20251185,Consumo de consumo de fibras e indicadores antropométricos: análise randomizado,Daniela Nunes — Fisioterapia/UFSC; Júlia Borges — Nutrição/UFPA; Mariana Monteiro — Nutrição/UNICAMP; Yasmin Almeida — Medicina/UFAM,Iniciação científica,Nutrição,Presencial
20251113,Farmacovigilância de polifarmácia: análise de notificações,Sofia Rodrigues — Farmácia/UFRJ; Matheus Cardoso — Farmácia/UFRGS; Daniela Dias — Farmácia/UNIFESP,Iniciação científica,Farmácia,Presencial
20251052,Expressão de marcadores de expressão gênica em cultura celular: ensaio randomizado,André Rodrigues — Biomedicina/UFSC; Yasmin Silva — Biomedicina/UFRGS; Helena Monteiro — Farmácia/UFPA; Rafael Moura — Fisioterapia/UFAL; Wagner Nunes — Biomedicina/UNESP,Iniciação científica,Biomedicina,Presencial
20251175,Atenção farmacêutica a pacientes com farmacoeconomia: estudo de coorte,Renata Moura — Nutrição/UFSC; Júlia Oliveira — Farmácia/UNICAMP; João Santos — Farmácia/UFAM,Iniciação científica,Farmácia,Presencial
20251005,Correlação entre expressão gênica e biomarcadores inflamatórios: estudo retrospectiva,Paula Pinheiro — Biomedicina/UNICAMP; Rodrigo Castro — Biomedicina/UFRN; Rodrigo Duarte — Biomedicina/UNESP; Larissa Ribeiro — Odontologia/UFPR,Trabalho científico,Biomedicina,EAD
20251030,Segurança do paciente e feridas crônicas: revisão randomizado,Eduardo Souza — Fisioterapia/UFBA; Paula Pereira — Medicina/UFRGS; Tatiane Duarte — Enfermagem/UFRN,TCC,Enfermagem,Presencial
20251184,Percepções sobre estresse ocupacional em adolescentes: estudo qualitativo,Wagner Borges — Psicologia/UFC; Wagner Teixeira — Psicologia/UFAM; Mariana Carvalho — Psicologia/UNICAMP,Iniciação científica,Psicologia,Presencial
20251100,Prevalência de bruxismo em pacientes de clínica escola: estudo prospectiva,Isabela Lima — Odontologia/UFPA; Priscila Martins — Farmácia/UFPE; Fernanda Oliveira — Odontologia/UFPA; Felipe Monteiro — Odontologia/USP,Iniciação científica,Odontologia,EAD
20251099,Percepções sobre depressão em adolescentes: estudo qualitativo,Leonardo Castro — Psicologia/UFMG; Vitor Oliveira — Psicologia/UFRN; Tiago Oliveira — Biomedicina/UNIFESP; Mariana Moura — Psicologia/UFRGS,Extensão,Psicologia,Presencial
20251132,Segurança do paciente e segurança medicamentosa: revisão quase-experimental,Yasmin Costa — Enfermagem/UFPA; Wagner Castro — Enfermagem/UFBA; Fernanda Farias — Nutrição/UNIFESP,Iniciação científica,Enfermagem,Presencial
20251125,Expressão de marcadores de resistência bacteriana em cultura celular: ensaio retrospectiva,Beatriz Freitas — Nutrição/USP; Tiago Campos — Biomedicina/UNESP; André Pinheiro — Biomedicina/UFPA,Trabalho científico,Biomedicina,Presencial
20251199,Expressão de marcadores de microbiota intestinal em cultura celular: ensaio retrospectiva,Eduardo Lima — Biomedicina/UFPA; João Pinheiro — Biomedicina/UFMG; Fernanda Silva — Odontologia/UNESP; Tiago Carvalho — Biomedicina/UFPR; Leonardo Campos — Biomedicina/UFAM,Especialização,Biomedicina,Presencial
20251135,Associação entre ansiedade e bem-estar psicológico: estudo transversal,André Lima — Psicologia/UFSC; Felipe Silva — Psicologia/UFPA; Fernanda Martins — Psicologia/UFPR; Felipe Costa — Psicologia/UFPE,Trabalho científico,Psicologia,Presencial
20251179,Educação nutricional sobre consumo de fibras no contexto escolar: intervenção,Larissa Vieira — Nutrição/UFPE; Renata Pereira — Nutrição/UNICAMP; Rodrigo Fernandes — Nutrição/UFBA,TCC,Nutrição,Presencial
20251121,Impacto de antimicrobianos na prática clínica hospitalar: análise quase-experimental,Elaine Pinheiro — Nutrição/UFAL; Beatriz Vieira — Psicologia/UFPE; Luís Fernandes — Medicina/UFPR; Isabela Moura — Medicina/UFRN,Iniciação científica,Medicina,Presencial
20251035,Padronização de protocolo para expressão gênica no laboratório de análises clínicas,Tiago Freitas — Biomedicina/UFRGS; Caio Araújo — Biomedicina/USP; Priscila Rodrigues — Biomedicina/UFPE; Eduardo Borges — Biomedicina/UFBA,Extensão,Biomedicina,Presencial
20251049,Atenção farmacêutica a pacientes com interações medicamentosas: estudo de coorte,João Vieira — Enfermagem/UFAL; Diego Monteiro — Farmácia/UFAM; Wagner Oliveira — Nutrição/UFRJ; Gabriel Martins — Farmácia/UNESP,Iniciação científica,Farmácia,Presencial
20251170,Associação entre ansiedade e bem-estar psicológico: estudo randomizado,Isabela Castro — Fisioterapia/UFMG; Ana Carvalho — Psicologia/UNICAMP; Matheus Cardoso — Psicologia/UFBA; Gustavo Santos — Psicologia/UFPE; Júlia Lima — Psicologia/UFBA,TCC,Psicologia,Presencial
20251139,Correlação entre microbiota intestinal e biomarcadores inflamatórios: estudo prospectiva,Otávio Tavares — Biomedicina/UFRN; Gabriel Campos — Odontologia/UFSC; Eduardo Melo — Biomedicina/UFMG; Bruno Castro — Biomedicina/UFPR,Trabalho científico,Biomedicina,Presencial
20251150,Padronização de protocolo para expressão gênica no laboratório de análises clínicas,André Costa — Biomedicina/UFAM; Priscila Barbosa — Psicologia/UFPR; Leonardo Freitas — Biomedicina/UFRGS,TCC,Biomedicina,Presencial
20251133,Correlação entre resistência bacteriana e biomarcadores inflamatórios: estudo quase-experimental,Otávio Rodrigues — Biomedicina/UFRJ; Bianca Carvalho — Psicologia/UNESP; Luís Fernandes — Biomedicina/UFC,Extensão,Biomedicina,Presencial
20251128,Padronização de protocolo para resistência bacteriana no laboratório de análises clínicas,Luís Pinheiro — Biomedicina/UFMG; Gustavo Nunes — Psicologia/UFPE; Elaine Lima — Biomedicina/UFSC; Helena Martins — Biomedicina/UFPR; Camila Almeida — Biomedicina/UFAM,Iniciação científica,Biomedicina,Presencial
20251022,Avaliação de materiais para periodontite: estudo laboratorial,Leonardo Araújo — Odontologia/UFPR; André Costa — Odontologia/UFBA; Mariana Moura — Medicina/UNESP; Ana Moreira — Odontologia/UFPA,Trabalho científico,Odontologia,Presencial
20251082,Padronização de protocolo para resistência bacteriana no laboratório de análises clínicas,Rodrigo Borges — Odontologia/UFRN; Larissa Lima — Biomedicina/UNICAMP; Vanessa Oliveira — Biomedicina/UFPE; Larissa Duarte — Biomedicina/UFRN; André Farias — Biomedicina/UFMG,Trabalho científico,Biomedicina,Presencial
20251078,Adesão ao tratamento de bruxismo em atenção básica: estudo randomizado,Matheus Rodrigues — Enfermagem/UNICAMP; Yasmin Oliveira — Odontologia/UNESP; Fernanda Campos — Enfermagem/UNICAMP,TCC,Odontologia,Presencial
20251010,Efeito de protocolo de reabilitação em equilíbrio postural: ensaio randomizado,Leonardo Costa — Fisioterapia/UFRGS; Otávio Souza — Fisioterapia/UFC; Diego Costa — Fisioterapia/UFPE; Vanessa Dias — Enfermagem/UFBA; Júlia Souza — Psicologia/UFBA,Especialização,Fisioterapia,Presencial
20251083,Avaliação de hipertensão em pacientes do SUS: estudo prospectiva,Isabela Moreira — Medicina/UFC; Júlia Pinheiro — Medicina/UFRJ; Isabela Farias — Nutrição/UFAL,Iniciação científica,Psicologia,Presencial
20251165,Correlação entre microbiota intestinal e biomarcadores inflamatórios: estudo randomizado,Fernanda Duarte — Biomedicina/UNESP; Eduardo Freitas — Biomedicina/UFAM; Otávio Moreira — Biomedicina/UFPE,Iniciação científica,Biomedicina,Presencial
20251120,Dor crônica e dor lombar: estudo randomizado em ambulatório,Beatriz Souza — Fisioterapia/UFAL; Bruno Gomes — Psicologia/UFAL; Priscila Silva — Fisioterapia/UFRGS; Igor Melo — Fisioterapia/UFC,TCC,Fisioterapia,Presencial
20251090,Cuidado de enfermagem em aleitamento materno: estudo prospectiva em unidade básica,Camila Costa — Enfermagem/UFPE; Paula Vieira — Enfermagem/UFMG; Ana Rodrigues — Enfermagem/UFBA,Mestrado/Doutorado,Enfermagem,Presencial
20251069,Padronização de protocolo para expressão gênica no laboratório de análises clínicas,Matheus Silva — Biomedicina/UFSC; Helena Vieira — Biomedicina/UFRN; Eduardo Barbosa — Biomedicina/UFMG; Gabriel Moura — Biomedicina/UFPE; Igor Pinheiro — Psicologia/UFBA,Trabalho científico,Biomedicina,EAD
20251054,Padrões alimentares e ultraprocessados em adultos: estudo randomizado,Larissa Campos — Nutrição/UFRGS; João Borges — Nutrição/UFAL; Otávio Lima — Psicologia/UFMG; Caio Pinheiro — Nutrição/UFAM; Luís Ribeiro — Nutrição/UFRJ,Trabalho científico,Nutrição,Presencial
20251091,Padrões alimentares e obesidade em adultos: estudo transversal,Yasmin Rodrigues — Nutrição/UFRGS; Isabela Teixeira — Nutrição/UNICAMP; Rodrigo Pinheiro — Nutrição/UFRN; Diego Pereira — Nutrição/USP; Camila Moura — Nutrição/UFAM,Iniciação científica,Nutrição,EAD
20251095,Intervenção cognitivo-comportamental em depressão: ensaio quase-experimental,Bruno Pereira — Psicologia/UFRGS; Carlos Souza — Fisioterapia/UFPE; Tatiane Borges — Psicologia/UFPA,PIBID,Psicologia,Presencial
20251042,Associação entre depressão e bem-estar psicológico: estudo prospectiva,Yasmin Lima — Psicologia/UFRGS; João Moura — Psicologia/UFRJ; Yasmin Vieira — Farmácia/UNIFESP,Mestrado/Doutorado,Psicologia,EAD
20251094,Associação entre ansiedade e bem-estar psicológico: estudo quase-experimental,Priscila Souza — Psicologia/UFPR; Helena Silva — Medicina/UFPR; Rodrigo Nunes — Psicologia/UFC,Extensão,Psicologia,Presencial
20251117,Avaliação de diabetes em pacientes do SUS: estudo retrospectiva,Tiago Gomes — Medicina/UFSC; Leonardo Dias — Medicina/UFC; Bianca Pereira — Medicina/UNESP; Daniela Moreira — Psicologia/UNESP; Larissa Rocha — Enfermagem/UNICAMP,Mestrado/Doutorado,Medicina,EAD
20251200,Consumo de ultraprocessados e indicadores antropométricos: análise transversal,Rafael Oliveira — Nutrição/UFPA; João Araújo — Medicina/UFAM; Paula Moura — Nutrição/UFSC,TCC,Nutrição,Presencial
20251158,Intervenção cognitivo-comportamental em ansiedade: ensaio randomizado,Helena Farias — Psicologia/UNIFESP; Mariana Barbosa — Medicina/UFPA; Eduardo Duarte — Biomedicina/UFSC; Fernanda Duarte — Psicologia/UFRGS,Extensão,Psicologia,Presencial
20251026,Impacto de cuidados paliativos na prática clínica hospitalar: análise prospectiva,Elaine Martins — Medicina/UFRN; Natalia Martins — Medicina/UFAM; Bruno Barbosa — Medicina/USP; Beatriz Silva — Fisioterapia/UFPE; Gabriel Rodrigues — Medicina/UNICAMP,Extensão,Medicina,Presencial
20251181,Adesão ao tratamento de hipersensibilidade dentinária em atenção básica: estudo transversal,Tiago Lima — Odontologia/UNICAMP; Vitor Borges — Nutrição/UFAL; Fernanda Carvalho — Odontologia/UFPA,Especialização,Odontologia,Presencial
20251148,Associação entre ansiedade e bem-estar psicológico: estudo quase-experimental,Igor Martins — Psicologia/UFSC; Isabela Moura — Psicologia/UFC; Paula Pereira — Psicologia/UFMG; João Carvalho — Psicologia/UFAL; Luís Borges — Psicologia/UNESP,Trabalho científico,Psicologia,Presencial
20251075,Expressão de marcadores de resistência bacteriana em cultura celular: ensaio prospectiva,Sofia Gomes — Biomedicina/UFPE; Diego Oliveira — Biomedicina/UFSC; João Lima — Nutrição/UFPA; Tatiane Souza — Biomedicina/UFC,TCC,Biomedicina,Presencial
20251059,Padrões alimentares e ultraprocessados em adultos: estudo quase-experimental,André Martins — Nutrição/UFMG; Igor Gomes — Nutrição/UNICAMP; Igor Fernandes — Nutrição/UFRJ; Caio Rocha — Enfermagem/USP,Mestrado/Doutorado,Nutrição,Presencial
20251153,Avaliação de hipertensão em pacientes do SUS: estudo quase-experimental,Fernanda Castro — Medicina/UFAL; Daniela Costa — Fisioterapia/UFPA; Rodrigo Santos — Medicina/UFAM,TCC,Medicina,Presencial
20251018,Efeito de protocolo de reabilitação em equilíbrio postural: ensaio retrospectiva,Tiago Dias — Fisioterapia/UFBA; Carlos Martins — Fisioterapia/UFRN; Júlia Monteiro — Fisioterapia/UFC,TCC,Fisioterapia,Presencial
20251050,Impacto de hipertensão na prática clínica hospitalar: análise quase-experimental,Vitor Martins — Medicina/USP; Felipe Nunes — Medicina/UFRN; Gustavo Farias — Medicina/UFC,Iniciação científica,Medicina,Presencial
20251093,Avaliação de antimicrobianos em pacientes do SUS: estudo prospectiva,Paula Santos — Biomedicina/UNIFESP; Renata Tavares — Medicina/UNICAMP; Larissa Carvalho — Medicina/UNICAMP; Tiago Souza — Farmácia/UFPA; Gustavo Araújo — Medicina/UFSC,Trabalho científico,Medicina,Presencial
20251076,Protocolo de diabetes no pronto atendimento: relato de experiência,Gustavo Almeida — Medicina/UFRGS; Rodrigo Melo — Medicina/UNIFESP; Fernanda Souza — Medicina/UNICAMP,Trabalho científico,Medicina,EAD
20251142,Avaliação de cuidados paliativos em pacientes do SUS: estudo quase-experimental,Beatriz Fernandes — Nutrição/UFPR; Luís Souza — Medicina/UFBA; Helena Tavares — Enfermagem/UNESP,Trabalho científico,Medicina,Presencial
20251021,Percepções sobre estresse ocupacional em adolescentes: estudo qualitativo,Beatriz Melo — Psicologia/UFPR; Leonardo Moreira — Psicologia/UFPR; André Nunes — Psicologia/UFPR,PIBID,Psicologia,Presencial
20251097,Adesão ao tratamento de bruxismo em atenção básica: estudo prospectiva,Mariana Silva — Fisioterapia/UNIFESP; Mariana Moura — Farmácia/UFMG; Rodrigo Almeida — Odontologia/UFRJ,Mestrado/Doutorado,Odontologia,EAD
20251032,Associação entre transtorno do pânico e bem-estar psicológico: estudo prospectiva,Fernanda Castro — Psicologia/UFC; Otávio Martins — Psicologia/UNESP; Sofia Carvalho — Medicina/UFPA,Mestrado/Doutorado,Nutrição,Presencial
20251138,Farmacovigilância de farmacoeconomia: análise de notificações,Rodrigo Pinheiro — Farmácia/UFPA; Gabriel Monteiro — Farmácia/UFPR; Matheus Pereira — Medicina/UFPE; Bruno Moura — Farmácia/UFMG,Mestrado/Doutorado,Farmácia,Presencial
20251118,Avaliação de diabetes em pacientes do SUS: estudo retrospectiva,Larissa Pereira — Medicina/UFRJ; Beatriz Monteiro — Fisioterapia/UFPR; Diego Vieira — Medicina/UFMG; Beatriz Rodrigues — Fisioterapia/UFC,Extensão,Medicina,Presencial
20251012,Percepções sobre transtorno do pânico em adolescentes: estudo qualitativo,Gabriel Souza — Psicologia/UFRN; João Souza — Psicologia/UFAM; Fernanda Teixeira — Odontologia/UFRGS,Iniciação científica,Psicologia,Presencial
20251068,Avaliação de antimicrobianos em pacientes do SUS: estudo retrospectiva,Vanessa Lima — Medicina/UFMG; Yasmin Freitas — Medicina/UFC; Fernanda Pinheiro — Medicina/UFPA,Iniciação científica,Biomedicina,Presencial
20251089,Farmacovigilância de polifarmácia: análise de notificações,Sofia Campos — Farmácia/UNICAMP; Tiago Souza — Farmácia/UFMG; Fernanda Nunes — Fisioterapia/UNICAMP,Trabalho científico,Farmácia,EAD
20251092,Segurança do paciente e feridas crônicas: revisão quase-experimental,Júlia Monteiro — Enfermagem/UNICAMP; Renata Melo — Enfermagem/UNIFESP; Tatiane Tavares — Psicologia/UFMG; Matheus Araújo — Psicologia/UFRGS; Natalia Ribeiro — Enfermagem/UFRJ,TCC,Enfermagem,EAD
20251025,Avaliação de materiais para hipersensibilidade dentinária: estudo laboratorial,João Rocha — Odontologia/UFRJ; Fernanda Pinheiro — Odontologia/UFSC; Tiago Tavares — Odontologia/USP; Elaine Tavares — Enfermagem/UFAM; João Almeida — Odontologia/UFMG,Iniciação científica,Odontologia,Presencial
20251098,Avaliação de cuidados paliativos em pacientes do SUS: estudo transversal,Wagner Nunes — Biomedicina/UFPA; Rodrigo Monteiro — Medicina/UFC; Isabela Almeida — Medicina/UFPA; Carlos Freitas — Nutrição/UNICAMP,Especialização,Medicina,EAD
20251183,Prevalência de hipersensibilidade dentinária em pacientes de clínica escola: estudo prospectiva,Bruno Castro — Biomedicina/UFPE; Tiago Moreira — Enfermagem/UNICAMP; Igor Melo — Odontologia/UFSC; Tiago Borges — Odontologia/UFRJ,TCC,Odontologia,Presencial
20251191,Prevalência de hipersensibilidade dentinária em pacientes de clínica escola: estudo retrospectiva,Rodrigo Tavares — Medicina/UFPR; Eduardo Melo — Fisioterapia/UFBA; Vitor Santos — Odontologia/UFRGS; Daniela Martins — Odontologia/UNIFESP,Trabalho científico,Odontologia,Presencial
20251087,Correlação entre expressão gênica e biomarcadores inflamatórios: estudo prospectiva,Priscila Farias — Biomedicina/UFMG; Bruno Martins — Biomedicina/UFAL; Mariana Monteiro — Biomedicina/UNESP; Gustavo Costa — Biomedicina/UFRJ,Trabalho científico,Biomedicina,Presencial
20251182,Farmacovigilância de antibióticos: análise de notificações,Larissa Rodrigues — Farmácia/UFRGS; Tiago Borges — Farmácia/USP; Renata Ribeiro — Farmácia/USP,Trabalho científico,Farmácia,EAD
20251040,Cuidado de enfermagem em aleitamento materno: estudo randomizado em unidade básica,Tiago Vieira — Nutrição/UFAL; Sofia Rodrigues — Enfermagem/UFPA; Caio Carvalho — Enfermagem/UNESP; André Teixeira — Enfermagem/UFMG,Iniciação científica,Enfermagem,EAD
20251169,Intervenção cognitivo-comportamental em ansiedade: ensaio prospectiva,Luís Dias — Psicologia/UFPE; Natalia Almeida — Psicologia/UNICAMP; Daniela Freitas — Psicologia/UFBA; Bruno Moreira — Biomedicina/UFAM,Extensão,Psicologia,Presencial
20251088,Educação em saúde sobre higienização das mãos: intervenção de enfermagem,Bianca Fernandes — Enfermagem/UNICAMP; Wagner Monteiro — Nutrição/UFPE; Larissa Araújo — Enfermagem/UFRN; Igor Rocha — Psicologia/UFSC; Fernanda Barbosa — Enfermagem/UFPE,Iniciação científica,Enfermagem,Presencial
20251186,Farmacovigilância de interações medicamentosas: análise de notificações,Caio Teixeira — Farmácia/UFMG; Renata Souza — Enfermagem/UFRN; Natalia Farias — Farmácia/UFPA; Vitor Melo — Farmácia/UFBA,TCC,Farmácia,Presencial
20251041,Prevalência de periodontite em pacientes de clínica escola: estudo prospectiva,Bianca Duarte — Odontologia/UFPR; Fernanda Moreira — Odontologia/UFPR; Luís Souza — Odontologia/UFC; Otávio Costa — Odontologia/UFPR,PIBID,Odontologia,Presencial
20251002,Educação em saúde sobre feridas crônicas: intervenção de enfermagem,Leonardo Vieira — Enfermagem/UFRN; Felipe Silva — Enfermagem/UFRGS; Camila Silva — Farmácia/USP; Ana Martins — Enfermagem/UNESP; Yasmin Ribeiro — Enfermagem/UFPE,TCC,Enfermagem,EAD
20251072,Avaliação de antimicrobianos em pacientes do SUS: estudo transversal,Vanessa Duarte — Nutrição/UFAM; Igor Castro — Odontologia/UNESP; Natalia Costa — Fisioterapia/USP; Paula Barbosa — Psicologia/UFRGS,Trabalho científico,Medicina,EAD
20251151,Avaliação de materiais para cárie dentária: estudo laboratorial,Larissa Gomes — Odontologia/UNIFESP; Felipe Rocha — Medicina/UNIFESP; Gabriel Santos — Odontologia/UFMG; Júlia Campos — Odontologia/UFC; Renata Almeida — Odontologia/USP,Mestrado/Doutorado,Odontologia,Presencial
20251115,Intervenção cognitivo-comportamental em estresse ocupacional: ensaio transversal,Vitor Dias — Psicologia/UFBA; Júlia Carvalho — Psicologia/UFMG; Vanessa Gomes — Odontologia/UFRGS; Diego Fernandes — Farmácia/UNESP; Júlia Teixeira — Psicologia/UFRN,Trabalho científico,Psicologia,EAD
20251057,Avaliação de dor aguda em pacientes do SUS: estudo prospectiva,Ana Silva — Medicina/UFMG; Bianca Moreira — Medicina/UFRJ; Tatiane Pereira — Enfermagem/UFC,Extensão,Medicina,Presencial
20251108,Consumo de deficiências de micronutrientes e indicadores antropométricos: análise quase-experimental,Sofia Duarte — Nutrição/UFPR; Carlos Teixeira — Nutrição/UFSC; Leonardo Gomes — Nutrição/UNIFESP; Ana Ribeiro — Nutrição/UFPR,TCC,Nutrição,EAD
20251192,Farmacovigilância de interações medicamentosas: análise de notificações,Tiago Lima — Farmácia/UFSC; Mariana Gomes — Farmácia/UFAL; Tiago Pinheiro — Farmácia/UFRN; Júlia Costa — Farmácia/UNIFESP; Larissa Carvalho — Farmácia/UFRN,Iniciação científica,Farmácia,Presencial
20251167,Treinamento funcional e reabilitação cardiovascular em idosos: estudo longitudinal,Felipe Nunes — Fisioterapia/UFBA; Renata Moreira — Fisioterapia/UFAM; Matheus Oliveira — Fisioterapia/UFSC; Ana Tavares — Farmácia/UFSC; Vitor Tavares — Fisioterapia/UFMG,Especialização,Fisioterapia,EAD
20251051,Intervenção cognitivo-comportamental em depressão: ensaio quase-experimental,Felipe Almeida — Medicina/USP; Larissa Farias — Odontologia/UFPR; Eduardo Moreira — Psicologia/UFSC; Tiago Souza — Psicologia/UFPA,TCC,Psicologia,Presencial
20251144,Dor crônica e dor lombar: estudo transversal em ambulatório,Matheus Campos — Fisioterapia/UFRN; Matheus Moura — Fisioterapia/UFRN; Bruno Carvalho — Fisioterapia/UNIFESP; André Silva — Biomedicina/UFRGS,Iniciação científica,Fisioterapia,EAD
20251198,Avaliação de materiais para hipersensibilidade dentinária: estudo laboratorial,Daniela Barbosa — Nutrição/UFRN; Camila Campos — Odontologia/UNICAMP; Ana Castro — Odontologia/UFPE; André Tavares — Odontologia/UFMG,PIBID,Odontologia,Presencial
20251155,Prevalência de periodontite em pacientes de clínica escola: estudo quase-experimental,Júlia Carvalho — Odontologia/UFRGS; Natalia Gomes — Fisioterapia/UFRGS; Priscila Fernandes — Enfermagem/UFAM,Mestrado/Doutorado,Odontologia,EAD
20251130,Associação entre ansiedade e bem-estar psicológico: estudo quase-experimental,Caio Farias — Psicologia/UFRN; Ana Tavares — Fisioterapia/UFRN; Tatiane Araújo — Psicologia/UFPR; Igor Carvalho — Psicologia/UFSC,Iniciação científica,Psicologia,Presencial
20251060,Atenção farmacêutica a pacientes com farmacoeconomia: estudo de coorte,Rafael Dias — Farmácia/UFSC; Vanessa Campos — Psicologia/UFAM; Diego Farias — Farmácia/UFSC; André Rodrigues — Farmácia/UFPE; Gustavo Ribeiro — Psicologia/UFSC,Especialização,Farmácia,Presencial
20251056,Atenção farmacêutica a pacientes com antibióticos: estudo de coorte,Renata Borges — Farmácia/UFPE; Leonardo Silva — Farmácia/USP; Felipe Almeida — Farmácia/UNIFESP; Natalia Dias — Psicologia/UFPE; Sofia Almeida — Biomedicina/UFRGS,Trabalho científico,Farmácia,Presencial
20251024,Padronização de protocolo para marcadores inflamatórios no laboratório de análises clínicas,Gabriel Barbosa — Fisioterapia/UNICAMP; Tatiane Teixeira — Biomedicina/UNIFESP; Felipe Pinheiro — Biomedicina/UFSC; André Souza — Biomedicina/UFC,Iniciação científica,Biomedicina,Presencial
20251008,Uso racional de farmacoeconomia na atenção primária: estudo retrospectiva,Camila Fernandes — Farmácia/UFPE; Matheus Araújo — Enfermagem/UFPR; Mariana Farias — Farmácia/UNIFESP; Leonardo Dias — Farmácia/UFBA; Larissa Rocha — Farmácia/UFAL,Mestrado/Doutorado,Farmácia,EAD
20251009,Atenção farmacêutica a pacientes com polifarmácia: estudo de coorte,Luís Souza — Biomedicina/UFRN; Bianca Nunes — Farmácia/UFSC; Vitor Barbosa — Enfermagem/UFPR,Trabalho científico,Farmácia,EAD
20251109,Impacto de cuidados paliativos na prática clínica hospitalar: análise randomizado,Fernanda Nunes — Medicina/UFRGS; Beatriz Castro — Medicina/UFRGS; Elaine Tavares — Medicina/USP; Helena Nunes — Medicina/UNICAMP,TCC,Medicina,Presencial
20251152,Expressão de marcadores de microbiota intestinal em cultura celular: ensaio quase-experimental,Felipe Rocha — Biomedicina/UFPE; Bruno Tavares — Nutrição/UFAL; Rodrigo Oliveira — Biomedicina/UFRGS,Mestrado/Doutorado,Biomedicina,Presencial
20251023,Impacto de cuidados paliativos na prática clínica hospitalar: análise transversal,Larissa Silva — Medicina/UFRGS; Otávio Vieira — Farmácia/UFAM; Eduardo Almeida — Medicina/UFSC,Iniciação científica,Medicina,Presencial
20251140,Uso racional de antibióticos na atenção primária: estudo transversal,Mariana Rocha — Farmácia/UNICAMP; Sofia Borges — Farmácia/UFPA; Leonardo Moura — Farmácia/UFMG,TCC,Farmácia,Presencial
20251174,Treinamento funcional e capacidade funcional em idosos: estudo longitudinal,Caio Oliveira — Enfermagem/UNESP; Tatiane Carvalho — Fisioterapia/UFPE; Diego Lima — Fisioterapia/UFAL,TCC,Fisioterapia,Presencial
20251027,Educação nutricional sobre consumo de fibras no contexto escolar: intervenção,Larissa Barbosa — Nutrição/UFPA; Wagner Teixeira — Psicologia/UFPE; Camila Silva — Nutrição/UFBA; Helena Oliveira — Nutrição/UFPA,TCC,Nutrição,Presencial
20251189,Treinamento funcional e capacidade funcional em idosos: estudo longitudinal,Gustavo Rodrigues — Fisioterapia/UFBA; Larissa Araújo — Fisioterapia/UFC; Natalia Gomes — Fisioterapia/UNIFESP,Trabalho científico,Fisioterapia,EAD
20251036,Avaliação de materiais para hipersensibilidade dentinária: estudo laboratorial,Vanessa Pereira — Odontologia/UFRGS; Caio Moreira — Nutrição/UFBA; Rafael Carvalho — Odontologia/UFRJ,Iniciação científica,Odontologia,Presencial
20251058,Associação entre transtorno do pânico e bem-estar psicológico: estudo quase-experimental,Beatriz Melo — Psicologia/UFBA; Bianca Cardoso — Fisioterapia/UFPR; Ana Moura — Psicologia/UNICAMP; Leonardo Dias — Psicologia/UFSC,Iniciação científica,Psicologia,EAD
20251063,Educação em saúde sobre higienização das mãos: intervenção de enfermagem,Yasmin Moreira — Enfermagem/UFPR; Diego Lima — Psicologia/UFRGS; Sofia Pereira — Medicina/USP; Caio Freitas — Farmácia/UNIFESP,TCC,Enfermagem,Presencial
20251071,Protocolo de diabetes no pronto atendimento: relato de experiência,Renata Almeida — Medicina/UNICAMP; Caio Teixeira — Medicina/UFRJ; Isabela Cardoso — Medicina/UNICAMP; Elaine Costa — Psicologia/UFAL; Larissa Araújo — Medicina/UFBA,Iniciação científica,Medicina,Presencial
20251190,Protocolo de dor aguda no pronto atendimento: relato de experiência,Paula Moreira — Medicina/UFC; Camila Barbosa — Medicina/UFRGS; Vitor Cardoso — Medicina/UFAL,PIBID,Medicina,Presencial
20251007,Cuidado de enfermagem em feridas crônicas: estudo prospectiva em unidade básica,Vitor Dias — Biomedicina/UFPR; Felipe Pinheiro — Enfermagem/UFRJ; Vitor Rocha — Enfermagem/UNICAMP,Trabalho científico,Enfermagem,Presencial
20251029,Percepções sobre estresse ocupacional em adolescentes: estudo qualitativo,Rodrigo Monteiro — Medicina/UFBA; Matheus Costa — Psicologia/UFC; Otávio Almeida — Psicologia/UNESP; Diego Gomes — Psicologia/UFAM,Extensão,Psicologia,Presencial
20251164,Educação em saúde sobre feridas crônicas: intervenção de enfermagem,Renata Monteiro — Enfermagem/UFPR; Júlia Santos — Enfermagem/UFBA; Bianca Costa — Enfermagem/UNIFESP; Bianca Almeida — Enfermagem/UFC; Mariana Tavares — Medicina/UFPE,Iniciação científica,Enfermagem,Presencial
